{
  "optimal_k": 3,
  "optimal_k_bic": 9,
  "features": [
    "tempo",
    "energy",
    "valence",
    "danceability",
    "acousticness",
    "loudness"
  ],
  "n_songs": 2777,
  "n_participants": 7,
  "k3_bic": 36058.51600513668,
  "k3_silhouette": 0.10136177567349283,
  "opt_bic": 36058.51600513668,
  "opt_silhouette": 0.10136177567349283,
  "bic_sweep": {
    "2": {
      "bic": 36906.82158851036,
      "aic": 36580.71963170848,
      "silhouette": 0.14316627577724747
    },
    "3": {
      "bic": 36058.51600513668,
      "aic": 35566.39850669021,
      "silhouette": 0.10136177567349283
    },
    "4": {
      "bic": 35150.774378527516,
      "aic": 34492.641338436464,
      "silhouette": 0.0458833341188359
    },
    "5": {
      "bic": 34887.45037147276,
      "aic": 34063.30178973712,
      "silhouette": 0.04054738487877041
    },
    "6": {
      "bic": 34804.28554742251,
      "aic": 33814.12142404227,
      "silhouette": 0.027918893063637366
    },
    "7": {
      "bic": 34576.09217157864,
      "aic": 33419.91250655381,
      "silhouette": 0.02986446365587301
    },
    "8": {
      "bic": 34402.386824936555,
      "aic": 33080.19161826714,
      "silhouette": 0.009814439765418483
    },
    "9": {
      "bic": 34362.16187944058,
      "aic": 32873.951131126574,
      "silhouette": -0.0010098484073931067
    },
    "10": {
      "bic": 34464.31375390604,
      "aic": 32810.08746394744,
      "silhouette": -0.0016278444907414109
    }
  }
}