{
  "optimal_k": 10,
  "features": [
    "tempo",
    "energy",
    "valence",
    "danceability",
    "acousticness",
    "loudness"
  ],
  "n_songs": 6760,
  "n_participants": 3,
  "k3_bic": 75271.03644590554,
  "k3_silhouette": 0.13448770274284785,
  "opt_bic": 68535.9868234282,
  "opt_silhouette": 0.03496679489369403,
  "bic_sweep": {
    "2": {
      "bic": 82571.20206435815,
      "aic": 82196.16926506111,
      "silhouette": 0.3990439898183659
    },
    "3": {
      "bic": 75271.03644590554,
      "aic": 74705.07785787547,
      "silhouette": 0.13448770274284785
    },
    "4": {
      "bic": 73164.0624255621,
      "aic": 72407.17804879899,
      "silhouette": 0.08220898114195772
    },
    "5": {
      "bic": 71738.24882615132,
      "aic": 70790.43866065517,
      "silhouette": 0.07162534470939123
    },
    "6": {
      "bic": 70403.62746168037,
      "aic": 69264.89150745119,
      "silhouette": 0.025617728359683175
    },
    "7": {
      "bic": 69322.98911126438,
      "aic": 67993.32736830217,
      "silhouette": 0.015968322999847098
    },
    "8": {
      "bic": 68911.72853892217,
      "aic": 67391.1410072269,
      "silhouette": 0.01898559031963748
    },
    "9": {
      "bic": 68806.01800257088,
      "aic": 67094.5046821426,
      "silhouette": 0.026167230784445335
    },
    "10": {
      "bic": 68535.9868234282,
      "aic": 66633.54771426688,
      "silhouette": 0.03496679489369403
    }
  }
}